{"schemaVersion":"1.0","appDefinitionTemplate":{"id":"/providers/Microsoft.PowerApps/apps/","type":"Microsoft.PowerApps/apps","tags":{"primaryDeviceWidth":"640","primaryDeviceHeight":"1136","supportsPortrait":"true","supportsLandscape":"true","primaryFormFactor":"Phone","publisherVersion":"3.22103.21","minimumRequiredApiVersion":"2.2.0","hasComponent":"false","hasUnlockedComponent":"false","isUnifiedRootApp":"false","sienaVersion":"20221030T141725Z-3.22103.21.0"},"properties":{"appVersion":"2022-10-30T14:17:25Z","lifeCycleId":"Published","createdByClientVersion":{"major":3,"minor":22103,"build":21,"revision":0,"majorRevision":0,"minorRevision":0},"minClientVersion":{"major":3,"minor":22103,"build":21,"revision":0,"majorRevision":0,"minorRevision":0},"backgroundColor":"rgba(56, 96, 178, 1)","backgroundImageUri":"/12002076604618671844/Nd0e6c72d-edec-4d31-9374-287b353b011c-logoSmallFile","displayName":"Form_Reader_App","description":"","commitMessage":"","appUris":{"documentUri":{"value":"/12002076604618671844/Na3729aa9-01ee-4b2a-88c6-7dba805934fc-document.msapp"},"imageUris":[],"additionalUris":[]},"createdTime":"0001-01-01T00:00:00Z","lastModifiedTime":"0001-01-01T00:00:00Z","sharedGroupsCount":0,"sharedUsersCount":0,"icons":{"smallIconUri":"/12002076604618671844/N7e7e550d-e93c-4868-9cea-a2591ca8b2e2-small.png","mediumIconUri":"/12002076604618671844/N5c329cc3-6488-4b9c-84a2-ad2bf980e79a-medium.png","largeIconUri":"/12002076604618671844/N2b68fc28-584a-48af-b61b-3b7a889aa6fa-large.png","wideIconUri":"/12002076604618671844/Nf78b4ea4-dc3b-4fd1-b606-ceeb4ad21960-wide.png"},"connectionReferences":{"d6d02c4d-47f1-4e98-8b92-9c6ab445ab3d":{"id":"82941e9d-6225-4590-aeea-dcdf97cd516a","displayName":"SharePoint","iconUri":"https://connectoricons-prod.azureedge.net/releases/v1.0.1601/1.0.1601.3047/sharepointonline/icon.png","dataSources":["AI_Form"],"dependencies":[],"dependents":[],"parameterHints":{},"parameterHintsV2":{},"isOnPremiseConnection":false,"bypassConsent":false,"dataSets":{"https://t8656.sharepoint.com/sites/AI_Interaction":{"dataSources":{"AI_Form":{"tableName":"78227ac1-c2b0-46f8-bf83-cec5305d0014"}}}},"apiTier":"Standard","isCustomApiConnection":false,"actions":["providers/PowerPlatform.Governance/Operations/Read","providers/PowerPlatform.Governance/Operations/Write"]}},"databaseReferences":{"default.cds":{"databaseDetails":{"referenceType":"Environmental","environmentName":"default.cds","overrideValues":{"status":"NotSpecified"}},"dataSources":{"43b0dc67-68af-47ae-9a9c-9e69d396ba3e":{"entitySetName":"msdyn_aimodels","logicalName":"msdyn_aimodel"}},"actions":["providers/PowerPlatform.Governance/Operations/Read"]}},"almMode":"Environment","performanceOptimizationEnabled":true,"canConsumeAppPass":true,"enableModernRuntimeMode":false,"executionRestrictions":{"isTeamsOnly":false,"dataLossPreventionEvaluationResult":{"status":"Compliant","lastEvaluationDate":"2022-10-30T13:37:05.194982Z","violations":[],"violationsByPolicy":[],"violationErrorMessage":"La aplicación usa los siguientes conectores: shared_commondataservice."}}},"appType":"ClassicCanvasApp","appComponents":[]}}