{"name":"a86afa3d-9603-4090-9d36-0207bcc57646","id":"/providers/Microsoft.Flow/flows/a86afa3d-9603-4090-9d36-0207bcc57646","type":"Microsoft.Flow/flows","properties":{"apiId":"/providers/Microsoft.PowerApps/apis/shared_logicflows","displayName":"Ai_Bulk_Documents_Processing","definition":{"metadata":{"workflowEntityId":null,"processAdvisorMetadata":null,"flowclientsuspensionreason":"None","flowclientsuspensiontime":null,"flowclientsuspensionreasondetails":null,"creator":{"id":"d0461964-21df-40c3-9f36-899bff1d35e4","type":"User","tenantId":"e9112c5c-e4bb-4ab9-8b4c-3692f43531a7"},"provisioningMethod":"FromDefinition","failureAlertSubscription":true,"clientLastModifiedTime":"2022-10-30T14:12:43.9901027Z"},"$schema":"https://schema.management.azure.com/providers/Microsoft.Logic/schemas/2016-06-01/workflowdefinition.json#","contentVersion":"1.0.0.0","parameters":{"$connections":{"defaultValue":{},"type":"Object"},"$authentication":{"defaultValue":{},"type":"SecureObject"}},"triggers":{"When_a_file_is_created_in_a_folder_(deprecated)":{"recurrence":{"frequency":"Minute","interval":1},"metadata":{"%252fShared%2bDocuments%252fDocuments_Input":"/Shared Documents/Documents_Input","operationMetadataId":"a87f4c9a-50c7-4c28-812d-d76715aac738"},"type":"OpenApiConnection","inputs":{"host":{"apiId":"/providers/Microsoft.PowerApps/apis/shared_sharepointonline","connectionName":"shared_sharepointonline","operationId":"OnNewFile"},"parameters":{"dataset":"https://t8656.sharepoint.com/sites/AI_Interaction/","folderId":"%252fShared%2bDocuments%252fDocuments_Input","inferContentType":true},"authentication":"@parameters('$authentication')"}}},"actions":{"Extract_information_from_documents":{"runAfter":{},"metadata":{"operationMetadataId":"b494c0b7-909b-46bc-9d42-e3bff4e34adb","flowSystemMetadata":{"portalOperationId":"aibuilderpredict_formsprocessing","portalOperationGroup":"aibuilder","portalOperationApiDisplayNameOverride":"AI Builder","portalOperationIconOverride":"https://psuxemea.azureedge.net/Content/Images/DesignerOperations/aiBuilderNew.png","portalOperationBrandColorOverride":"#0A76C4","portalOperationApiTierOverride":"Standard"}},"type":"OpenApiConnection","inputs":{"host":{"apiId":"/providers/Microsoft.PowerApps/apis/shared_commondataserviceforapps","connectionName":"shared_commondataserviceforapps","operationId":"aibuilderpredict_formsprocessing"},"parameters":{"recordId":"bfee2133-20af-4768-9e58-68679f4c82ad","item/requestv2/mimeType":"image/png","item/requestv2/base64Encoded":"@triggerOutputs()?['body']"},"authentication":"@parameters('$authentication')"}},"Create_item":{"runAfter":{"Extract_information_from_documents":["Succeeded"]},"metadata":{"operationMetadataId":"17931a35-08cc-4798-bbc2-399f4de5457e"},"type":"OpenApiConnection","inputs":{"host":{"apiId":"/providers/Microsoft.PowerApps/apis/shared_sharepointonline","connectionName":"shared_sharepointonline","operationId":"PostItem"},"parameters":{"dataset":"https://t8656.sharepoint.com/sites/AI_Interaction/","table":"78227ac1-c2b0-46f8-bf83-cec5305d0014","item/Title":"@outputs('Extract_information_from_documents')?['body/responsev2/predictionOutput/labels/Position/value']","item/Name":"@outputs('Extract_information_from_documents')?['body/responsev2/predictionOutput/labels/Name/value']","item/Surname":"@outputs('Extract_information_from_documents')?['body/responsev2/predictionOutput/labels/Surname/value']","item/Salary":"@outputs('Extract_information_from_documents')?['body/responsev2/predictionOutput/labels/Salary/value']"},"authentication":"@parameters('$authentication')"}}}},"connectionReferences":{"shared_sharepointonline":{"connectionName":"52d1c1b2907441b091a152ca80e9bbba","source":"Embedded","id":"/providers/Microsoft.PowerApps/apis/shared_sharepointonline","tier":"NotSpecified"},"shared_commondataserviceforapps":{"connectionName":"shared-commondataser-4761263b-d13b-432d-9f98-d6c9ff7ab5ea","source":"Embedded","id":"/providers/Microsoft.PowerApps/apis/shared_commondataserviceforapps","tier":"NotSpecified"}},"flowFailureAlertSubscribed":false,"isManaged":false}}